{
  "hqno_max_40": {
    "model": "Linear-in-RHL-and-HQNO Logit",
    "parameters": {
      "m_rhl": -0.426616432840796,
      "m_hqno": 0.20708478570773975,
      "b": -7.382904466551102
    },
    "r_squared": 0.7090352197471839,
    "units": {
      "Rhamnolipids": "\u00b5g/ml",
      "HQNO": "ng/ml"
    },
    "hqno_max_ng_ml": 40,
    "time_point_h": 2
  },
  "hqno_max_60": {
    "model": "Linear-in-RHL-and-HQNO Logit",
    "parameters": {
      "m_rhl": -0.38485115388085545,
      "m_hqno": 0.163743518743729,
      "b": -7.104347195763431
    },
    "r_squared": 0.7516618079674141,
    "units": {
      "Rhamnolipids": "\u00b5g/ml",
      "HQNO": "ng/ml"
    },
    "hqno_max_ng_ml": 60,
    "time_point_h": 2
  },
  "hqno_max_80": {
    "model": "Linear-in-RHL-and-HQNO Logit",
    "parameters": {
      "m_rhl": -0.3332803638032509,
      "m_hqno": 0.12855605102649645,
      "b": -6.829600573174739
    },
    "r_squared": 0.7424242361526505,
    "units": {
      "Rhamnolipids": "\u00b5g/ml",
      "HQNO": "ng/ml"
    },
    "hqno_max_ng_ml": 80,
    "time_point_h": 2
  }
}