{
  "method": "hill",
  "params": {
    "a": 885.3642574309307,
    "c": 161.01960230519782,
    "b": 1.171874069879112
  },
  "AIC": 67.03193885659385,
  "BIC": 67.62361258860251
}