{
  "method": "hill",
  "params": {
    "a": 900.4082313643305,
    "c": 157.90722607935726,
    "b": 1.1354930347536005
  },
  "AIC": 71.61384495908055,
  "BIC": 72.52160023806269
}