{
  "method": "hill+lowrange_spline",
  "params": {
    "a": 900.4075762700658,
    "c": 157.9069927459161,
    "b": 1.1354963376795275
  },
  "AIC": 71.61384495707716,
  "BIC": 72.5216002360593,
  "y0": 161.32959601096206,
  "response_col": "gfp",
  "sources_used": [
    "FACS (estimated)",
    "Microscopy"
  ],
  "spline_cutoff": 160,
  "spline_kind": "pchip",
  "spline_xlog10": [
    1.0,
    1.3010299956639813,
    1.6020599913279623,
    1.9030899869919435,
    2.2041199826559246
  ],
  "spline_y": [
    11.870573474071534,
    37.72972726929521,
    182.93661096109975,
    313.7153616932495,
    434.1837544838604
  ]
}