{
  "method": "hill+lowrange_spline",
  "params": {
    "a": 10654.638605217824,
    "c": 73.039650245519,
    "b": 2.33740053519519
  },
  "AIC": 154.74600672179815,
  "BIC": 156.20072667116216,
  "y0": 1735.4466184251446,
  "response_col": "mcherry",
  "sources_used": [
    "FACS (estimated)"
  ],
  "spline_cutoff": 100.0,
  "spline_kind": "pchip",
  "spline_xlog10": [
    -0.10720996964786837,
    0.19382002601611284,
    0.494850021680094,
    0.7958800173440752,
    1.0969100130080565,
    1.3979400086720377,
    1.6989700043360187,
    2.0
  ],
  "spline_y": [
    269.53301543204975,
    238.80818490609818,
    339.5650313794704,
    363.7672721848294,
    710.3227628658155,
    1296.840896425464,
    2763.7369951672713,
    7245.614368704286
  ]
}