{
  "method": "hill",
  "params": {
    "a": 10654.642765364724,
    "c": 73.03957251565207,
    "b": 2.337384549426846
  },
  "AIC": 154.7460067255814,
  "BIC": 156.2007266749454
}