{
  "method": "hill+lowrange_spline",
  "params": {
    "a": 10503.004253690562,
    "c": 73.99371260844663,
    "b": 2.4327293657417104
  },
  "AIC": 152.79182059865565,
  "BIC": 154.24654054801965,
  "y0": 1857.0304599451722,
  "response_col": "mcherry",
  "sources_used": [
    "FACS (estimated)"
  ],
  "spline_cutoff": 50.0,
  "spline_kind": "pchip",
  "spline_xlog10": [
    -0.10720996964786837,
    0.19382002601611284,
    0.494850021680094,
    0.7958800173440752,
    1.0969100130080565,
    1.3979400086720377,
    1.6989700043360187
  ],
  "spline_y": [
    147.94917391202216,
    117.22434338607059,
    217.9811898594428,
    242.1834306648018,
    588.738921345788,
    1175.2570549054365,
    2642.153153647244
  ]
}