{
  "method": "hill",
  "params": {
    "a": 895.4357566478236,
    "c": 158.8213081328346,
    "b": 1.1462057775680479
  },
  "AIC": 71.91597399355021,
  "BIC": 72.82372927253235
}